"","Quarter","Year","Quarter2","Industry","Employment","broad_name","broad_code"
"1",2010-02-01,"2010","02-01","A84090257V",346.9991668,"Agriculture, Forestry and Fishing","A"
"2",2010-05-01,"2010","05-01","A84090257V",358.8698967,"Agriculture, Forestry and Fishing","A"
"3",2010-08-01,"2010","08-01","A84090257V",359.5920332,"Agriculture, Forestry and Fishing","A"
"4",2010-11-01,"2010","11-01","A84090257V",354.788583,"Agriculture, Forestry and Fishing","A"
"5",2011-02-01,"2011","02-01","A84090257V",315.2523011,"Agriculture, Forestry and Fishing","A"
"6",2011-05-01,"2011","05-01","A84090257V",319.5825772,"Agriculture, Forestry and Fishing","A"
"7",2011-08-01,"2011","08-01","A84090257V",300.6547088,"Agriculture, Forestry and Fishing","A"
"8",2011-11-01,"2011","11-01","A84090257V",325.2793278,"Agriculture, Forestry and Fishing","A"
"9",2012-02-01,"2012","02-01","A84090257V",318.9238722,"Agriculture, Forestry and Fishing","A"
"10",2012-05-01,"2012","05-01","A84090257V",339.1679341,"Agriculture, Forestry and Fishing","A"
"11",2012-08-01,"2012","08-01","A84090257V",309.432422,"Agriculture, Forestry and Fishing","A"
"12",2012-11-01,"2012","11-01","A84090257V",300.9370921,"Agriculture, Forestry and Fishing","A"
"13",2013-02-01,"2013","02-01","A84090257V",295.726958,"Agriculture, Forestry and Fishing","A"
"14",2013-05-01,"2013","05-01","A84090257V",299.4794659,"Agriculture, Forestry and Fishing","A"
"15",2013-08-01,"2013","08-01","A84090257V",279.9733962,"Agriculture, Forestry and Fishing","A"
"16",2013-11-01,"2013","11-01","A84090257V",321.9691794,"Agriculture, Forestry and Fishing","A"
"17",2014-02-01,"2014","02-01","A84090257V",318.2896368,"Agriculture, Forestry and Fishing","A"
"18",2014-05-01,"2014","05-01","A84090257V",327.0192554,"Agriculture, Forestry and Fishing","A"
"19",2014-08-01,"2014","08-01","A84090257V",325.9851386,"Agriculture, Forestry and Fishing","A"
"20",2014-11-01,"2014","11-01","A84090257V",321.7714756,"Agriculture, Forestry and Fishing","A"
"21",2015-02-01,"2015","02-01","A84090257V",323.6794729,"Agriculture, Forestry and Fishing","A"
"22",2015-05-01,"2015","05-01","A84090257V",297.3796104,"Agriculture, Forestry and Fishing","A"
"23",2015-08-01,"2015","08-01","A84090257V",305.4674365,"Agriculture, Forestry and Fishing","A"
"24",2015-11-01,"2015","11-01","A84090257V",317.5087374,"Agriculture, Forestry and Fishing","A"
"25",2016-02-01,"2016","02-01","A84090257V",327.9537731,"Agriculture, Forestry and Fishing","A"
"26",2016-05-01,"2016","05-01","A84090257V",331.9612673,"Agriculture, Forestry and Fishing","A"
"27",2016-08-01,"2016","08-01","A84090257V",301.1758496,"Agriculture, Forestry and Fishing","A"
"28",2016-11-01,"2016","11-01","A84090257V",294.7834213,"Agriculture, Forestry and Fishing","A"
"29",2017-02-01,"2017","02-01","A84090257V",307.4574293,"Agriculture, Forestry and Fishing","A"
"30",2017-05-01,"2017","05-01","A84090257V",313.9859883,"Agriculture, Forestry and Fishing","A"
"31",2017-08-01,"2017","08-01","A84090257V",328.3196525,"Agriculture, Forestry and Fishing","A"
"32",2017-11-01,"2017","11-01","A84090257V",323.7581258,"Agriculture, Forestry and Fishing","A"
"33",2018-02-01,"2018","02-01","A84090257V",335.5990809,"Agriculture, Forestry and Fishing","A"
"34",2018-05-01,"2018","05-01","A84090257V",329.6918777,"Agriculture, Forestry and Fishing","A"
"35",2018-08-01,"2018","08-01","A84090257V",320.9317731,"Agriculture, Forestry and Fishing","A"
"36",2018-11-01,"2018","11-01","A84090257V",333.0474016,"Agriculture, Forestry and Fishing","A"
"37",2019-02-01,"2019","02-01","A84090257V",346.2047383,"Agriculture, Forestry and Fishing","A"
"38",2019-05-01,"2019","05-01","A84090257V",334.3646068,"Agriculture, Forestry and Fishing","A"
"39",2019-08-01,"2019","08-01","A84090257V",318.9677107,"Agriculture, Forestry and Fishing","A"
"40",2019-11-01,"2019","11-01","A84090257V",318.9637542,"Agriculture, Forestry and Fishing","A"
"41",2020-02-01,"2020","02-01","A84090257V",337.0992159,"Agriculture, Forestry and Fishing","A"
"42",2020-05-01,"2020","05-01","A84090257V",361.3128712,"Agriculture, Forestry and Fishing","A"
"43",2010-02-01,"2010","02-01","A84090258W",176.5447137,"Mining","B"
"44",2010-05-01,"2010","05-01","A84090258W",179.1504519,"Mining","B"
"45",2010-08-01,"2010","08-01","A84090258W",194.675867,"Mining","B"
"46",2010-11-01,"2010","11-01","A84090258W",198.9214077,"Mining","B"
"47",2011-02-01,"2011","02-01","A84090258W",203.4837782,"Mining","B"
"48",2011-05-01,"2011","05-01","A84090258W",214.1019578,"Mining","B"
"49",2011-08-01,"2011","08-01","A84090258W",221.4182425,"Mining","B"
"50",2011-11-01,"2011","11-01","A84090258W",239.8888541,"Mining","B"
"51",2012-02-01,"2012","02-01","A84090258W",248.6035375,"Mining","B"
"52",2012-05-01,"2012","05-01","A84090258W",274.2461681,"Mining","B"
"53",2012-08-01,"2012","08-01","A84090258W",271.218235,"Mining","B"
"54",2012-11-01,"2012","11-01","A84090258W",260.4587701,"Mining","B"
"55",2013-02-01,"2013","02-01","A84090258W",264.3889936,"Mining","B"
"56",2013-05-01,"2013","05-01","A84090258W",257.2785691,"Mining","B"
"57",2013-08-01,"2013","08-01","A84090258W",262.5647863,"Mining","B"
"58",2013-11-01,"2013","11-01","A84090258W",267.0887682,"Mining","B"
"59",2014-02-01,"2014","02-01","A84090258W",263.4244979,"Mining","B"
"60",2014-05-01,"2014","05-01","A84090258W",257.0693724,"Mining","B"
"61",2014-08-01,"2014","08-01","A84090258W",230.2514087,"Mining","B"
"62",2014-11-01,"2014","11-01","A84090258W",220.2117509,"Mining","B"
"63",2015-02-01,"2015","02-01","A84090258W",213.6841147,"Mining","B"
"64",2015-05-01,"2015","05-01","A84090258W",220.7131254,"Mining","B"
"65",2015-08-01,"2015","08-01","A84090258W",239.0302719,"Mining","B"
"66",2015-11-01,"2015","11-01","A84090258W",212.4977442,"Mining","B"
"67",2016-02-01,"2016","02-01","A84090258W",214.888432,"Mining","B"
"68",2016-05-01,"2016","05-01","A84090258W",216.3755771,"Mining","B"
"69",2016-08-01,"2016","08-01","A84090258W",213.5625735,"Mining","B"
"70",2016-11-01,"2016","11-01","A84090258W",222.1044219,"Mining","B"
"71",2017-02-01,"2017","02-01","A84090258W",225.371924,"Mining","B"
"72",2017-05-01,"2017","05-01","A84090258W",214.6790143,"Mining","B"
"73",2017-08-01,"2017","08-01","A84090258W",212.8714046,"Mining","B"
"74",2017-11-01,"2017","11-01","A84090258W",217.8000237,"Mining","B"
"75",2018-02-01,"2018","02-01","A84090258W",228.3046088,"Mining","B"
"76",2018-05-01,"2018","05-01","A84090258W",232.6305604,"Mining","B"
"77",2018-08-01,"2018","08-01","A84090258W",246.1451755,"Mining","B"
"78",2018-11-01,"2018","11-01","A84090258W",256.3337508,"Mining","B"
"79",2019-02-01,"2019","02-01","A84090258W",245.3949406,"Mining","B"
"80",2019-05-01,"2019","05-01","A84090258W",240.2430817,"Mining","B"
"81",2019-08-01,"2019","08-01","A84090258W",234.9633436,"Mining","B"
"82",2019-11-01,"2019","11-01","A84090258W",251.4409981,"Mining","B"
"83",2020-02-01,"2020","02-01","A84090258W",238.4826771,"Mining","B"
"84",2020-05-01,"2020","05-01","A84090258W",227.3222454,"Mining","B"
"85",2010-02-01,"2010","02-01","A84090259X",996.5862216,"Manufacturing","C"
"86",2010-05-01,"2010","05-01","A84090259X",965.1282255,"Manufacturing","C"
"87",2010-08-01,"2010","08-01","A84090259X",977.5782332,"Manufacturing","C"
"88",2010-11-01,"2010","11-01","A84090259X",975.3243325,"Manufacturing","C"
"89",2011-02-01,"2011","02-01","A84090259X",976.3309198,"Manufacturing","C"
"90",2011-05-01,"2011","05-01","A84090259X",952.6079334,"Manufacturing","C"
"91",2011-08-01,"2011","08-01","A84090259X",923.7997846,"Manufacturing","C"
"92",2011-11-01,"2011","11-01","A84090259X",935.6683828,"Manufacturing","C"
"93",2012-02-01,"2012","02-01","A84090259X",953.2497882,"Manufacturing","C"
"94",2012-05-01,"2012","05-01","A84090259X",939.7168519,"Manufacturing","C"
"95",2012-08-01,"2012","08-01","A84090259X",945.6921006,"Manufacturing","C"
"96",2012-11-01,"2012","11-01","A84090259X",953.274046,"Manufacturing","C"
"97",2013-02-01,"2013","02-01","A84090259X",923.7704192,"Manufacturing","C"
"98",2013-05-01,"2013","05-01","A84090259X",915.282482,"Manufacturing","C"
"99",2013-08-01,"2013","08-01","A84090259X",910.259682,"Manufacturing","C"
"100",2013-11-01,"2013","11-01","A84090259X",932.8251918,"Manufacturing","C"
"101",2014-02-01,"2014","02-01","A84090259X",946.3613613,"Manufacturing","C"
"102",2014-05-01,"2014","05-01","A84090259X",918.0618144,"Manufacturing","C"
"103",2014-08-01,"2014","08-01","A84090259X",914.0728091,"Manufacturing","C"
"104",2014-11-01,"2014","11-01","A84090259X",911.1967681,"Manufacturing","C"
"105",2015-02-01,"2015","02-01","A84090259X",919.4950004,"Manufacturing","C"
"106",2015-05-01,"2015","05-01","A84090259X",914.0517428,"Manufacturing","C"
"107",2015-08-01,"2015","08-01","A84090259X",870.0239359,"Manufacturing","C"
"108",2015-11-01,"2015","11-01","A84090259X",856.5339919,"Manufacturing","C"
"109",2016-02-01,"2016","02-01","A84090259X",898.5324838,"Manufacturing","C"
"110",2016-05-01,"2016","05-01","A84090259X",892.7280779,"Manufacturing","C"
"111",2016-08-01,"2016","08-01","A84090259X",868.6042073,"Manufacturing","C"
"112",2016-11-01,"2016","11-01","A84090259X",960.6060509,"Manufacturing","C"
"113",2017-02-01,"2017","02-01","A84090259X",911.1112022,"Manufacturing","C"
"114",2017-05-01,"2017","05-01","A84090259X",893.5831573,"Manufacturing","C"
"115",2017-08-01,"2017","08-01","A84090259X",869.693963,"Manufacturing","C"
"116",2017-11-01,"2017","11-01","A84090259X",875.9181526,"Manufacturing","C"
"117",2018-02-01,"2018","02-01","A84090259X",920.9533852,"Manufacturing","C"
"118",2018-05-01,"2018","05-01","A84090259X",958.8243486,"Manufacturing","C"
"119",2018-08-01,"2018","08-01","A84090259X",954.5598009,"Manufacturing","C"
"120",2018-11-01,"2018","11-01","A84090259X",902.1813108,"Manufacturing","C"
"121",2019-02-01,"2019","02-01","A84090259X",856.6985513,"Manufacturing","C"
"122",2019-05-01,"2019","05-01","A84090259X",909.9543925,"Manufacturing","C"
"123",2019-08-01,"2019","08-01","A84090259X",854.6421509,"Manufacturing","C"
"124",2019-11-01,"2019","11-01","A84090259X",916.1652402,"Manufacturing","C"
"125",2020-02-01,"2020","02-01","A84090259X",908.9101808,"Manufacturing","C"
"126",2020-05-01,"2020","05-01","A84090259X",864.7157484,"Manufacturing","C"
"127",2010-02-01,"2010","02-01","A84090255R",133.5284738,"Electricity, Gas, Water and Waste Services","D"
"128",2010-05-01,"2010","05-01","A84090255R",140.119863,"Electricity, Gas, Water and Waste Services","D"
"129",2010-08-01,"2010","08-01","A84090255R",145.0978102,"Electricity, Gas, Water and Waste Services","D"
"130",2010-11-01,"2010","11-01","A84090255R",145.1911202,"Electricity, Gas, Water and Waste Services","D"
"131",2011-02-01,"2011","02-01","A84090255R",150.9422224,"Electricity, Gas, Water and Waste Services","D"
"132",2011-05-01,"2011","05-01","A84090255R",150.2726964,"Electricity, Gas, Water and Waste Services","D"
"133",2011-08-01,"2011","08-01","A84090255R",137.6164543,"Electricity, Gas, Water and Waste Services","D"
"134",2011-11-01,"2011","11-01","A84090255R",153.1619906,"Electricity, Gas, Water and Waste Services","D"
"135",2012-02-01,"2012","02-01","A84090255R",154.1421691,"Electricity, Gas, Water and Waste Services","D"
"136",2012-05-01,"2012","05-01","A84090255R",155.6674589,"Electricity, Gas, Water and Waste Services","D"
"137",2012-08-01,"2012","08-01","A84090255R",146.9559953,"Electricity, Gas, Water and Waste Services","D"
"138",2012-11-01,"2012","11-01","A84090255R",140.5413878,"Electricity, Gas, Water and Waste Services","D"
"139",2013-02-01,"2013","02-01","A84090255R",135.288697,"Electricity, Gas, Water and Waste Services","D"
"140",2013-05-01,"2013","05-01","A84090255R",148.5049915,"Electricity, Gas, Water and Waste Services","D"
"141",2013-08-01,"2013","08-01","A84090255R",149.0530754,"Electricity, Gas, Water and Waste Services","D"
"142",2013-11-01,"2013","11-01","A84090255R",153.6479927,"Electricity, Gas, Water and Waste Services","D"
"143",2014-02-01,"2014","02-01","A84090255R",154.9912669,"Electricity, Gas, Water and Waste Services","D"
"144",2014-05-01,"2014","05-01","A84090255R",145.3790218,"Electricity, Gas, Water and Waste Services","D"
"145",2014-08-01,"2014","08-01","A84090255R",141.4855174,"Electricity, Gas, Water and Waste Services","D"
"146",2014-11-01,"2014","11-01","A84090255R",138.2329928,"Electricity, Gas, Water and Waste Services","D"
"147",2015-02-01,"2015","02-01","A84090255R",147.1301666,"Electricity, Gas, Water and Waste Services","D"
"148",2015-05-01,"2015","05-01","A84090255R",141.414539,"Electricity, Gas, Water and Waste Services","D"
"149",2015-08-01,"2015","08-01","A84090255R",151.249553,"Electricity, Gas, Water and Waste Services","D"
"150",2015-11-01,"2015","11-01","A84090255R",139.8275875,"Electricity, Gas, Water and Waste Services","D"
"151",2016-02-01,"2016","02-01","A84090255R",145.8750601,"Electricity, Gas, Water and Waste Services","D"
"152",2016-05-01,"2016","05-01","A84090255R",137.0083442,"Electricity, Gas, Water and Waste Services","D"
"153",2016-08-01,"2016","08-01","A84090255R",132.2054433,"Electricity, Gas, Water and Waste Services","D"
"154",2016-11-01,"2016","11-01","A84090255R",137.4315878,"Electricity, Gas, Water and Waste Services","D"
"155",2017-02-01,"2017","02-01","A84090255R",139.0765505,"Electricity, Gas, Water and Waste Services","D"
"156",2017-05-01,"2017","05-01","A84090255R",141.0133065,"Electricity, Gas, Water and Waste Services","D"
"157",2017-08-01,"2017","08-01","A84090255R",139.339589,"Electricity, Gas, Water and Waste Services","D"
"158",2017-11-01,"2017","11-01","A84090255R",142.7115276,"Electricity, Gas, Water and Waste Services","D"
"159",2018-02-01,"2018","02-01","A84090255R",160.7658748,"Electricity, Gas, Water and Waste Services","D"
"160",2018-05-01,"2018","05-01","A84090255R",152.3651947,"Electricity, Gas, Water and Waste Services","D"
"161",2018-08-01,"2018","08-01","A84090255R",144.9316356,"Electricity, Gas, Water and Waste Services","D"
"162",2018-11-01,"2018","11-01","A84090255R",156.5066703,"Electricity, Gas, Water and Waste Services","D"
"163",2019-02-01,"2019","02-01","A84090255R",154.6578909,"Electricity, Gas, Water and Waste Services","D"
"164",2019-05-01,"2019","05-01","A84090255R",159.7759185,"Electricity, Gas, Water and Waste Services","D"
"165",2019-08-01,"2019","08-01","A84090255R",163.0783057,"Electricity, Gas, Water and Waste Services","D"
"166",2019-11-01,"2019","11-01","A84090255R",154.5014235,"Electricity, Gas, Water and Waste Services","D"
"167",2020-02-01,"2020","02-01","A84090255R",136.105998,"Electricity, Gas, Water and Waste Services","D"
"168",2020-05-01,"2020","05-01","A84090255R",168.5450364,"Electricity, Gas, Water and Waste Services","D"
"169",2010-02-01,"2010","02-01","A84090265V",989.3831848,"Construction","E"
"170",2010-05-01,"2010","05-01","A84090265V",1001.863824,"Construction","E"
"171",2010-08-01,"2010","08-01","A84090265V",974.227276,"Construction","E"
"172",2010-11-01,"2010","11-01","A84090265V",1029.111345,"Construction","E"
"173",2011-02-01,"2011","02-01","A84090265V",998.6059181,"Construction","E"
"174",2011-05-01,"2011","05-01","A84090265V",1030.436244,"Construction","E"
"175",2011-08-01,"2011","08-01","A84090265V",1007.3108176,"Construction","E"
"176",2011-11-01,"2011","11-01","A84090265V",1018.3268387,"Construction","E"
"177",2012-02-01,"2012","02-01","A84090265V",1004.3122559,"Construction","E"
"178",2012-05-01,"2012","05-01","A84090265V",983.1579412,"Construction","E"
"179",2012-08-01,"2012","08-01","A84090265V",946.4801024,"Construction","E"
"180",2012-11-01,"2012","11-01","A84090265V",995.9888366,"Construction","E"
"181",2013-02-01,"2013","02-01","A84090265V",1014.5064784,"Construction","E"
"182",2013-05-01,"2013","05-01","A84090265V",988.888937,"Construction","E"
"183",2013-08-01,"2013","08-01","A84090265V",1023.4150009,"Construction","E"
"184",2013-11-01,"2013","11-01","A84090265V",1004.597319,"Construction","E"
"185",2014-02-01,"2014","02-01","A84090265V",1032.8805613,"Construction","E"
"186",2014-05-01,"2014","05-01","A84090265V",1025.7812124,"Construction","E"
"187",2014-08-01,"2014","08-01","A84090265V",1019.5855978,"Construction","E"
"188",2014-11-01,"2014","11-01","A84090265V",1046.9675392,"Construction","E"
"189",2015-02-01,"2015","02-01","A84090265V",1015.1095306,"Construction","E"
"190",2015-05-01,"2015","05-01","A84090265V",1039.1820848,"Construction","E"
"191",2015-08-01,"2015","08-01","A84090265V",1016.1498805,"Construction","E"
"192",2015-11-01,"2015","11-01","A84090265V",1045.7183035,"Construction","E"
"193",2016-02-01,"2016","02-01","A84090265V",1048.6063827,"Construction","E"
"194",2016-05-01,"2016","05-01","A84090265V",1087.3726988,"Construction","E"
"195",2016-08-01,"2016","08-01","A84090265V",1042.0095261,"Construction","E"
"196",2016-11-01,"2016","11-01","A84090265V",1061.950174,"Construction","E"
"197",2017-02-01,"2017","02-01","A84090265V",1108.0946881,"Construction","E"
"198",2017-05-01,"2017","05-01","A84090265V",1130.904929,"Construction","E"
"199",2017-08-01,"2017","08-01","A84090265V",1145.6785897,"Construction","E"
"200",2017-11-01,"2017","11-01","A84090265V",1164.0654812,"Construction","E"
"201",2018-02-01,"2018","02-01","A84090265V",1196.5418256,"Construction","E"
"202",2018-05-01,"2018","05-01","A84090265V",1177.7404118,"Construction","E"
"203",2018-08-01,"2018","08-01","A84090265V",1176.2154967,"Construction","E"
"204",2018-11-01,"2018","11-01","A84090265V",1157.4634548,"Construction","E"
"205",2019-02-01,"2019","02-01","A84090265V",1146.7225949,"Construction","E"
"206",2019-05-01,"2019","05-01","A84090265V",1181.7583979,"Construction","E"
"207",2019-08-01,"2019","08-01","A84090265V",1168.0495142,"Construction","E"
"208",2019-11-01,"2019","11-01","A84090265V",1186.5630583,"Construction","E"
"209",2020-02-01,"2020","02-01","A84090265V",1182.0947127,"Construction","E"
"210",2020-05-01,"2020","05-01","A84090265V",1179.5547694,"Construction","E"
"211",2010-02-01,"2010","02-01","A84090266W",430.8742971,"Wholesale Trade","F"
"212",2010-05-01,"2010","05-01","A84090266W",404.615256,"Wholesale Trade","F"
"213",2010-08-01,"2010","08-01","A84090266W",410.6656812,"Wholesale Trade","F"
"214",2010-11-01,"2010","11-01","A84090266W",399.0183899,"Wholesale Trade","F"
"215",2011-02-01,"2011","02-01","A84090266W",419.7245349,"Wholesale Trade","F"
"216",2011-05-01,"2011","05-01","A84090266W",392.2492402,"Wholesale Trade","F"
"217",2011-08-01,"2011","08-01","A84090266W",400.2164292,"Wholesale Trade","F"
"218",2011-11-01,"2011","11-01","A84090266W",435.4028968,"Wholesale Trade","F"
"219",2012-02-01,"2012","02-01","A84090266W",392.7996392,"Wholesale Trade","F"
"220",2012-05-01,"2012","05-01","A84090266W",400.3858305,"Wholesale Trade","F"
"221",2012-08-01,"2012","08-01","A84090266W",416.9767677,"Wholesale Trade","F"
"222",2012-11-01,"2012","11-01","A84090266W",416.4890506,"Wholesale Trade","F"
"223",2013-02-01,"2013","02-01","A84090266W",455.3774408,"Wholesale Trade","F"
"224",2013-05-01,"2013","05-01","A84090266W",425.6139758,"Wholesale Trade","F"
"225",2013-08-01,"2013","08-01","A84090266W",409.4688811,"Wholesale Trade","F"
"226",2013-11-01,"2013","11-01","A84090266W",399.8772998,"Wholesale Trade","F"
"227",2014-02-01,"2014","02-01","A84090266W",374.6539675,"Wholesale Trade","F"
"228",2014-05-01,"2014","05-01","A84090266W",384.114267,"Wholesale Trade","F"
"229",2014-08-01,"2014","08-01","A84090266W",403.1347634,"Wholesale Trade","F"
"230",2014-11-01,"2014","11-01","A84090266W",382.6138905,"Wholesale Trade","F"
"231",2015-02-01,"2015","02-01","A84090266W",377.2290657,"Wholesale Trade","F"
"232",2015-05-01,"2015","05-01","A84090266W",394.3909385,"Wholesale Trade","F"
"233",2015-08-01,"2015","08-01","A84090266W",377.4358686,"Wholesale Trade","F"
"234",2015-11-01,"2015","11-01","A84090266W",385.1863449,"Wholesale Trade","F"
"235",2016-02-01,"2016","02-01","A84090266W",346.2239065,"Wholesale Trade","F"
"236",2016-05-01,"2016","05-01","A84090266W",381.1080739,"Wholesale Trade","F"
"237",2016-08-01,"2016","08-01","A84090266W",377.7168846,"Wholesale Trade","F"
"238",2016-11-01,"2016","11-01","A84090266W",357.6745684,"Wholesale Trade","F"
"239",2017-02-01,"2017","02-01","A84090266W",369.7082435,"Wholesale Trade","F"
"240",2017-05-01,"2017","05-01","A84090266W",348.1900677,"Wholesale Trade","F"
"241",2017-08-01,"2017","08-01","A84090266W",376.3503928,"Wholesale Trade","F"
"242",2017-11-01,"2017","11-01","A84090266W",362.2647939,"Wholesale Trade","F"
"243",2018-02-01,"2018","02-01","A84090266W",363.1273363,"Wholesale Trade","F"
"244",2018-05-01,"2018","05-01","A84090266W",360.1673576,"Wholesale Trade","F"
"245",2018-08-01,"2018","08-01","A84090266W",366.6199734,"Wholesale Trade","F"
"246",2018-11-01,"2018","11-01","A84090266W",407.0168576,"Wholesale Trade","F"
"247",2019-02-01,"2019","02-01","A84090266W",381.5167365,"Wholesale Trade","F"
"248",2019-05-01,"2019","05-01","A84090266W",404.4658718,"Wholesale Trade","F"
"249",2019-08-01,"2019","08-01","A84090266W",413.5037796,"Wholesale Trade","F"
"250",2019-11-01,"2019","11-01","A84090266W",376.8664801,"Wholesale Trade","F"
"251",2020-02-01,"2020","02-01","A84090266W",385.6736383,"Wholesale Trade","F"
"252",2020-05-01,"2020","05-01","A84090266W",389.341482,"Wholesale Trade","F"
"253",2010-02-01,"2010","02-01","A84090262L",1173.028733,"Retail Trade","G"
"254",2010-05-01,"2010","05-01","A84090262L",1172.719195,"Retail Trade","G"
"255",2010-08-01,"2010","08-01","A84090262L",1172.110617,"Retail Trade","G"
"256",2010-11-01,"2010","11-01","A84090262L",1213.340852,"Retail Trade","G"
"257",2011-02-01,"2011","02-01","A84090262L",1212.618476,"Retail Trade","G"
"258",2011-05-01,"2011","05-01","A84090262L",1202.39651,"Retail Trade","G"
"259",2011-08-01,"2011","08-01","A84090262L",1191.8122688,"Retail Trade","G"
"260",2011-11-01,"2011","11-01","A84090262L",1192.629856,"Retail Trade","G"
"261",2012-02-01,"2012","02-01","A84090262L",1190.6623956,"Retail Trade","G"
"262",2012-05-01,"2012","05-01","A84090262L",1191.6541348,"Retail Trade","G"
"263",2012-08-01,"2012","08-01","A84090262L",1179.8083818,"Retail Trade","G"
"264",2012-11-01,"2012","11-01","A84090262L",1217.9870942,"Retail Trade","G"
"265",2013-02-01,"2013","02-01","A84090262L",1202.2128847,"Retail Trade","G"
"266",2013-05-01,"2013","05-01","A84090262L",1236.8843912,"Retail Trade","G"
"267",2013-08-01,"2013","08-01","A84090262L",1184.9463046,"Retail Trade","G"
"268",2013-11-01,"2013","11-01","A84090262L",1251.9441224,"Retail Trade","G"
"269",2014-02-01,"2014","02-01","A84090262L",1207.324491,"Retail Trade","G"
"270",2014-05-01,"2014","05-01","A84090262L",1232.4931276,"Retail Trade","G"
"271",2014-08-01,"2014","08-01","A84090262L",1248.4608987,"Retail Trade","G"
"272",2014-11-01,"2014","11-01","A84090262L",1254.1493755,"Retail Trade","G"
"273",2015-02-01,"2015","02-01","A84090262L",1230.3657058,"Retail Trade","G"
"274",2015-05-01,"2015","05-01","A84090262L",1211.4913748,"Retail Trade","G"
"275",2015-08-01,"2015","08-01","A84090262L",1235.1025915,"Retail Trade","G"
"276",2015-11-01,"2015","11-01","A84090262L",1303.379531,"Retail Trade","G"
"277",2016-02-01,"2016","02-01","A84090262L",1293.2964413,"Retail Trade","G"
"278",2016-05-01,"2016","05-01","A84090262L",1244.7064751,"Retail Trade","G"
"279",2016-08-01,"2016","08-01","A84090262L",1198.0971712,"Retail Trade","G"
"280",2016-11-01,"2016","11-01","A84090262L",1260.0181838,"Retail Trade","G"
"281",2017-02-01,"2017","02-01","A84090262L",1233.4414377,"Retail Trade","G"
"282",2017-05-01,"2017","05-01","A84090262L",1265.6533369,"Retail Trade","G"
"283",2017-08-01,"2017","08-01","A84090262L",1235.5514419,"Retail Trade","G"
"284",2017-11-01,"2017","11-01","A84090262L",1321.0617097,"Retail Trade","G"
"285",2018-02-01,"2018","02-01","A84090262L",1322.2975817,"Retail Trade","G"
"286",2018-05-01,"2018","05-01","A84090262L",1267.8057761,"Retail Trade","G"
"287",2018-08-01,"2018","08-01","A84090262L",1225.3899446,"Retail Trade","G"
"288",2018-11-01,"2018","11-01","A84090262L",1296.5014715,"Retail Trade","G"
"289",2019-02-01,"2019","02-01","A84090262L",1297.1340904,"Retail Trade","G"
"290",2019-05-01,"2019","05-01","A84090262L",1290.8389451,"Retail Trade","G"
"291",2019-08-01,"2019","08-01","A84090262L",1232.0005029,"Retail Trade","G"
"292",2019-11-01,"2019","11-01","A84090262L",1271.460036,"Retail Trade","G"
"293",2020-02-01,"2020","02-01","A84090262L",1261.4166178,"Retail Trade","G"
"294",2020-05-01,"2020","05-01","A84090262L",1182.807053,"Retail Trade","G"
"295",2010-02-01,"2010","02-01","A84090248T",723.3361643,"Accommodation and Food Services","H"
"296",2010-05-01,"2010","05-01","A84090248T",753.9133635,"Accommodation and Food Services","H"
"297",2010-08-01,"2010","08-01","A84090248T",717.9783902,"Accommodation and Food Services","H"
"298",2010-11-01,"2010","11-01","A84090248T",751.7006773,"Accommodation and Food Services","H"
"299",2011-02-01,"2011","02-01","A84090248T",777.1892998,"Accommodation and Food Services","H"
"300",2011-05-01,"2011","05-01","A84090248T",777.3819654,"Accommodation and Food Services","H"
"301",2011-08-01,"2011","08-01","A84090248T",762.4117801,"Accommodation and Food Services","H"
"302",2011-11-01,"2011","11-01","A84090248T",751.2023243,"Accommodation and Food Services","H"
"303",2012-02-01,"2012","02-01","A84090248T",725.8097732,"Accommodation and Food Services","H"
"304",2012-05-01,"2012","05-01","A84090248T",767.295403,"Accommodation and Food Services","H"
"305",2012-08-01,"2012","08-01","A84090248T",766.9332783,"Accommodation and Food Services","H"
"306",2012-11-01,"2012","11-01","A84090248T",773.064935,"Accommodation and Food Services","H"
"307",2013-02-01,"2013","02-01","A84090248T",784.6937118,"Accommodation and Food Services","H"
"308",2013-05-01,"2013","05-01","A84090248T",802.5797556,"Accommodation and Food Services","H"
"309",2013-08-01,"2013","08-01","A84090248T",771.1954677,"Accommodation and Food Services","H"
"310",2013-11-01,"2013","11-01","A84090248T",756.2209423,"Accommodation and Food Services","H"
"311",2014-02-01,"2014","02-01","A84090248T",725.8748587,"Accommodation and Food Services","H"
"312",2014-05-01,"2014","05-01","A84090248T",779.5350153,"Accommodation and Food Services","H"
"313",2014-08-01,"2014","08-01","A84090248T",776.1358931,"Accommodation and Food Services","H"
"314",2014-11-01,"2014","11-01","A84090248T",821.508521,"Accommodation and Food Services","H"
"315",2015-02-01,"2015","02-01","A84090248T",842.2489057,"Accommodation and Food Services","H"
"316",2015-05-01,"2015","05-01","A84090248T",834.5225934,"Accommodation and Food Services","H"
"317",2015-08-01,"2015","08-01","A84090248T",795.8616984,"Accommodation and Food Services","H"
"318",2015-11-01,"2015","11-01","A84090248T",829.9585784,"Accommodation and Food Services","H"
"319",2016-02-01,"2016","02-01","A84090248T",835.2141322,"Accommodation and Food Services","H"
"320",2016-05-01,"2016","05-01","A84090248T",851.1552887,"Accommodation and Food Services","H"
"321",2016-08-01,"2016","08-01","A84090248T",843.1046248,"Accommodation and Food Services","H"
"322",2016-11-01,"2016","11-01","A84090248T",853.4768355,"Accommodation and Food Services","H"
"323",2017-02-01,"2017","02-01","A84090248T",861.3133162,"Accommodation and Food Services","H"
"324",2017-05-01,"2017","05-01","A84090248T",894.904533,"Accommodation and Food Services","H"
"325",2017-08-01,"2017","08-01","A84090248T",882.714542,"Accommodation and Food Services","H"
"326",2017-11-01,"2017","11-01","A84090248T",891.3276236,"Accommodation and Food Services","H"
"327",2018-02-01,"2018","02-01","A84090248T",874.3636407,"Accommodation and Food Services","H"
"328",2018-05-01,"2018","05-01","A84090248T",913.2777967,"Accommodation and Food Services","H"
"329",2018-08-01,"2018","08-01","A84090248T",869.9060724,"Accommodation and Food Services","H"
"330",2018-11-01,"2018","11-01","A84090248T",905.1365563,"Accommodation and Food Services","H"
"331",2019-02-01,"2019","02-01","A84090248T",903.5040258,"Accommodation and Food Services","H"
"332",2019-05-01,"2019","05-01","A84090248T",925.2996394,"Accommodation and Food Services","H"
"333",2019-08-01,"2019","08-01","A84090248T",900.1699222,"Accommodation and Food Services","H"
"334",2019-11-01,"2019","11-01","A84090248T",925.079354,"Accommodation and Food Services","H"
"335",2020-02-01,"2020","02-01","A84090248T",930.5420784,"Accommodation and Food Services","H"
"336",2020-05-01,"2020","05-01","A84090248T",654.2940885,"Accommodation and Food Services","H"
"337",2010-02-01,"2010","02-01","A84090251F",555.2048608,"Transport, Postal and Warehousing","I"
"338",2010-05-01,"2010","05-01","A84090251F",590.2361807,"Transport, Postal and Warehousing","I"
"339",2010-08-01,"2010","08-01","A84090251F",562.6641576,"Transport, Postal and Warehousing","I"
"340",2010-11-01,"2010","11-01","A84090251F",577.1190519,"Transport, Postal and Warehousing","I"
"341",2011-02-01,"2011","02-01","A84090251F",589.399293,"Transport, Postal and Warehousing","I"
"342",2011-05-01,"2011","05-01","A84090251F",573.9652296,"Transport, Postal and Warehousing","I"
"343",2011-08-01,"2011","08-01","A84090251F",576.3360411,"Transport, Postal and Warehousing","I"
"344",2011-11-01,"2011","11-01","A84090251F",574.8492477,"Transport, Postal and Warehousing","I"
"345",2012-02-01,"2012","02-01","A84090251F",546.8518261,"Transport, Postal and Warehousing","I"
"346",2012-05-01,"2012","05-01","A84090251F",545.0124726,"Transport, Postal and Warehousing","I"
"347",2012-08-01,"2012","08-01","A84090251F",548.7533031,"Transport, Postal and Warehousing","I"
"348",2012-11-01,"2012","11-01","A84090251F",600.4171855,"Transport, Postal and Warehousing","I"
"349",2013-02-01,"2013","02-01","A84090251F",604.3213771,"Transport, Postal and Warehousing","I"
"350",2013-05-01,"2013","05-01","A84090251F",583.2099363,"Transport, Postal and Warehousing","I"
"351",2013-08-01,"2013","08-01","A84090251F",582.4496172,"Transport, Postal and Warehousing","I"
"352",2013-11-01,"2013","11-01","A84090251F",598.6077817,"Transport, Postal and Warehousing","I"
"353",2014-02-01,"2014","02-01","A84090251F",588.5592119,"Transport, Postal and Warehousing","I"
"354",2014-05-01,"2014","05-01","A84090251F",582.785613,"Transport, Postal and Warehousing","I"
"355",2014-08-01,"2014","08-01","A84090251F",594.978478,"Transport, Postal and Warehousing","I"
"356",2014-11-01,"2014","11-01","A84090251F",607.4860452,"Transport, Postal and Warehousing","I"
"357",2015-02-01,"2015","02-01","A84090251F",601.8618325,"Transport, Postal and Warehousing","I"
"358",2015-05-01,"2015","05-01","A84090251F",609.3913538,"Transport, Postal and Warehousing","I"
"359",2015-08-01,"2015","08-01","A84090251F",611.1871018,"Transport, Postal and Warehousing","I"
"360",2015-11-01,"2015","11-01","A84090251F",617.3120802,"Transport, Postal and Warehousing","I"
"361",2016-02-01,"2016","02-01","A84090251F",648.0547917,"Transport, Postal and Warehousing","I"
"362",2016-05-01,"2016","05-01","A84090251F",618.3564808,"Transport, Postal and Warehousing","I"
"363",2016-08-01,"2016","08-01","A84090251F",608.4531799,"Transport, Postal and Warehousing","I"
"364",2016-11-01,"2016","11-01","A84090251F",621.6741304,"Transport, Postal and Warehousing","I"
"365",2017-02-01,"2017","02-01","A84090251F",602.1826302,"Transport, Postal and Warehousing","I"
"366",2017-05-01,"2017","05-01","A84090251F",643.3678773,"Transport, Postal and Warehousing","I"
"367",2017-08-01,"2017","08-01","A84090251F",638.7344864,"Transport, Postal and Warehousing","I"
"368",2017-11-01,"2017","11-01","A84090251F",651.9784776,"Transport, Postal and Warehousing","I"
"369",2018-02-01,"2018","02-01","A84090251F",656.9588034,"Transport, Postal and Warehousing","I"
"370",2018-05-01,"2018","05-01","A84090251F",613.6838108,"Transport, Postal and Warehousing","I"
"371",2018-08-01,"2018","08-01","A84090251F",641.999027,"Transport, Postal and Warehousing","I"
"372",2018-11-01,"2018","11-01","A84090251F",658.6326268,"Transport, Postal and Warehousing","I"
"373",2019-02-01,"2019","02-01","A84090251F",679.1821789,"Transport, Postal and Warehousing","I"
"374",2019-05-01,"2019","05-01","A84090251F",650.9848381,"Transport, Postal and Warehousing","I"
"375",2019-08-01,"2019","08-01","A84090251F",667.9287382,"Transport, Postal and Warehousing","I"
"376",2019-11-01,"2019","11-01","A84090251F",657.9431034,"Transport, Postal and Warehousing","I"
"377",2020-02-01,"2020","02-01","A84090251F",666.443681,"Transport, Postal and Warehousing","I"
"378",2020-05-01,"2020","05-01","A84090251F",571.7572876,"Transport, Postal and Warehousing","I"
"379",2010-02-01,"2010","02-01","A84090256T",207.7430874,"Information Media and Telecommunications","J"
"380",2010-05-01,"2010","05-01","A84090256T",219.7128451,"Information Media and Telecommunications","J"
"381",2010-08-01,"2010","08-01","A84090256T",206.4966344,"Information Media and Telecommunications","J"
"382",2010-11-01,"2010","11-01","A84090256T",211.3562916,"Information Media and Telecommunications","J"
"383",2011-02-01,"2011","02-01","A84090256T",212.4005055,"Information Media and Telecommunications","J"
"384",2011-05-01,"2011","05-01","A84090256T",214.5879959,"Information Media and Telecommunications","J"
"385",2011-08-01,"2011","08-01","A84090256T",201.0863605,"Information Media and Telecommunications","J"
"386",2011-11-01,"2011","11-01","A84090256T",198.5598744,"Information Media and Telecommunications","J"
"387",2012-02-01,"2012","02-01","A84090256T",221.8960732,"Information Media and Telecommunications","J"
"388",2012-05-01,"2012","05-01","A84090256T",236.9156391,"Information Media and Telecommunications","J"
"389",2012-08-01,"2012","08-01","A84090256T",234.0960768,"Information Media and Telecommunications","J"
"390",2012-11-01,"2012","11-01","A84090256T",215.6663278,"Information Media and Telecommunications","J"
"391",2013-02-01,"2013","02-01","A84090256T",216.8550297,"Information Media and Telecommunications","J"
"392",2013-05-01,"2013","05-01","A84090256T",219.9347742,"Information Media and Telecommunications","J"
"393",2013-08-01,"2013","08-01","A84090256T",196.9282619,"Information Media and Telecommunications","J"
"394",2013-11-01,"2013","11-01","A84090256T",184.3007897,"Information Media and Telecommunications","J"
"395",2014-02-01,"2014","02-01","A84090256T",203.7252788,"Information Media and Telecommunications","J"
"396",2014-05-01,"2014","05-01","A84090256T",203.3965714,"Information Media and Telecommunications","J"
"397",2014-08-01,"2014","08-01","A84090256T",217.5605832,"Information Media and Telecommunications","J"
"398",2014-11-01,"2014","11-01","A84090256T",208.7491095,"Information Media and Telecommunications","J"
"399",2015-02-01,"2015","02-01","A84090256T",214.5199509,"Information Media and Telecommunications","J"
"400",2015-05-01,"2015","05-01","A84090256T",209.2842145,"Information Media and Telecommunications","J"
"401",2015-08-01,"2015","08-01","A84090256T",215.7279669,"Information Media and Telecommunications","J"
"402",2015-11-01,"2015","11-01","A84090256T",219.2930005,"Information Media and Telecommunications","J"
"403",2016-02-01,"2016","02-01","A84090256T",209.5674469,"Information Media and Telecommunications","J"
"404",2016-05-01,"2016","05-01","A84090256T",197.9294514,"Information Media and Telecommunications","J"
"405",2016-08-01,"2016","08-01","A84090256T",211.3877059,"Information Media and Telecommunications","J"
"406",2016-11-01,"2016","11-01","A84090256T",214.8259057,"Information Media and Telecommunications","J"
"407",2017-02-01,"2017","02-01","A84090256T",208.8933003,"Information Media and Telecommunications","J"
"408",2017-05-01,"2017","05-01","A84090256T",229.8763452,"Information Media and Telecommunications","J"
"409",2017-08-01,"2017","08-01","A84090256T",220.2349167,"Information Media and Telecommunications","J"
"410",2017-11-01,"2017","11-01","A84090256T",213.2863633,"Information Media and Telecommunications","J"
"411",2018-02-01,"2018","02-01","A84090256T",216.3146769,"Information Media and Telecommunications","J"
"412",2018-05-01,"2018","05-01","A84090256T",234.4578102,"Information Media and Telecommunications","J"
"413",2018-08-01,"2018","08-01","A84090256T",221.7064498,"Information Media and Telecommunications","J"
"414",2018-11-01,"2018","11-01","A84090256T",222.1560704,"Information Media and Telecommunications","J"
"415",2019-02-01,"2019","02-01","A84090256T",212.3060792,"Information Media and Telecommunications","J"
"416",2019-05-01,"2019","05-01","A84090256T",202.6136481,"Information Media and Telecommunications","J"
"417",2019-08-01,"2019","08-01","A84090256T",211.258791,"Information Media and Telecommunications","J"
"418",2019-11-01,"2019","11-01","A84090256T",208.7679726,"Information Media and Telecommunications","J"
"419",2020-02-01,"2020","02-01","A84090256T",211.6002742,"Information Media and Telecommunications","J"
"420",2020-05-01,"2020","05-01","A84090256T",187.9004478,"Information Media and Telecommunications","J"
"421",2010-02-01,"2010","02-01","A84090252J",419.3871282,"Financial and Insurance Services","K"
"422",2010-05-01,"2010","05-01","A84090252J",388.1364838,"Financial and Insurance Services","K"
"423",2010-08-01,"2010","08-01","A84090252J",392.0093631,"Financial and Insurance Services","K"
"424",2010-11-01,"2010","11-01","A84090252J",375.0369999,"Financial and Insurance Services","K"
"425",2011-02-01,"2011","02-01","A84090252J",406.2211588,"Financial and Insurance Services","K"
"426",2011-05-01,"2011","05-01","A84090252J",426.7709231,"Financial and Insurance Services","K"
"427",2011-08-01,"2011","08-01","A84090252J",425.8170161,"Financial and Insurance Services","K"
"428",2011-11-01,"2011","11-01","A84090252J",413.1416318,"Financial and Insurance Services","K"
"429",2012-02-01,"2012","02-01","A84090252J",422.0523035,"Financial and Insurance Services","K"
"430",2012-05-01,"2012","05-01","A84090252J",431.8658819,"Financial and Insurance Services","K"
"431",2012-08-01,"2012","08-01","A84090252J",417.6588399,"Financial and Insurance Services","K"
"432",2012-11-01,"2012","11-01","A84090252J",408.4246856,"Financial and Insurance Services","K"
"433",2013-02-01,"2013","02-01","A84090252J",413.486088,"Financial and Insurance Services","K"
"434",2013-05-01,"2013","05-01","A84090252J",424.3033267,"Financial and Insurance Services","K"
"435",2013-08-01,"2013","08-01","A84090252J",426.6694921,"Financial and Insurance Services","K"
"436",2013-11-01,"2013","11-01","A84090252J",402.5969261,"Financial and Insurance Services","K"
"437",2014-02-01,"2014","02-01","A84090252J",422.0615335,"Financial and Insurance Services","K"
"438",2014-05-01,"2014","05-01","A84090252J",407.9000653,"Financial and Insurance Services","K"
"439",2014-08-01,"2014","08-01","A84090252J",424.5921625,"Financial and Insurance Services","K"
"440",2014-11-01,"2014","11-01","A84090252J",410.8366972,"Financial and Insurance Services","K"
"441",2015-02-01,"2015","02-01","A84090252J",411.3278213,"Financial and Insurance Services","K"
"442",2015-05-01,"2015","05-01","A84090252J",395.0448293,"Financial and Insurance Services","K"
"443",2015-08-01,"2015","08-01","A84090252J",414.7746965,"Financial and Insurance Services","K"
"444",2015-11-01,"2015","11-01","A84090252J",454.3342661,"Financial and Insurance Services","K"
"445",2016-02-01,"2016","02-01","A84090252J",430.0150199,"Financial and Insurance Services","K"
"446",2016-05-01,"2016","05-01","A84090252J",435.6843252,"Financial and Insurance Services","K"
"447",2016-08-01,"2016","08-01","A84090252J",431.8026408,"Financial and Insurance Services","K"
"448",2016-11-01,"2016","11-01","A84090252J",421.7393634,"Financial and Insurance Services","K"
"449",2017-02-01,"2017","02-01","A84090252J",454.0057495,"Financial and Insurance Services","K"
"450",2017-05-01,"2017","05-01","A84090252J",441.0069003,"Financial and Insurance Services","K"
"451",2017-08-01,"2017","08-01","A84090252J",416.287137,"Financial and Insurance Services","K"
"452",2017-11-01,"2017","11-01","A84090252J",422.2724727,"Financial and Insurance Services","K"
"453",2018-02-01,"2018","02-01","A84090252J",436.9624322,"Financial and Insurance Services","K"
"454",2018-05-01,"2018","05-01","A84090252J",447.655841,"Financial and Insurance Services","K"
"455",2018-08-01,"2018","08-01","A84090252J",451.2893964,"Financial and Insurance Services","K"
"456",2018-11-01,"2018","11-01","A84090252J",440.2717082,"Financial and Insurance Services","K"
"457",2019-02-01,"2019","02-01","A84090252J",449.7786157,"Financial and Insurance Services","K"
"458",2019-05-01,"2019","05-01","A84090252J",438.7619986,"Financial and Insurance Services","K"
"459",2019-08-01,"2019","08-01","A84090252J",441.3618958,"Financial and Insurance Services","K"
"460",2019-11-01,"2019","11-01","A84090252J",461.6121485,"Financial and Insurance Services","K"
"461",2020-02-01,"2020","02-01","A84090252J",474.4765721,"Financial and Insurance Services","K"
"462",2020-05-01,"2020","05-01","A84090252J",489.8300245,"Financial and Insurance Services","K"
"463",2010-02-01,"2010","02-01","A84090263R",163.6850748,"Rental, Hiring and Real Estate Services","L"
"464",2010-05-01,"2010","05-01","A84090263R",195.5600129,"Rental, Hiring and Real Estate Services","L"
"465",2010-08-01,"2010","08-01","A84090263R",200.9315448,"Rental, Hiring and Real Estate Services","L"
"466",2010-11-01,"2010","11-01","A84090263R",206.8610516,"Rental, Hiring and Real Estate Services","L"
"467",2011-02-01,"2011","02-01","A84090263R",196.9549552,"Rental, Hiring and Real Estate Services","L"
"468",2011-05-01,"2011","05-01","A84090263R",202.2935784,"Rental, Hiring and Real Estate Services","L"
"469",2011-08-01,"2011","08-01","A84090263R",190.7807768,"Rental, Hiring and Real Estate Services","L"
"470",2011-11-01,"2011","11-01","A84090263R",190.7451128,"Rental, Hiring and Real Estate Services","L"
"471",2012-02-01,"2012","02-01","A84090263R",224.0791341,"Rental, Hiring and Real Estate Services","L"
"472",2012-05-01,"2012","05-01","A84090263R",216.1100934,"Rental, Hiring and Real Estate Services","L"
"473",2012-08-01,"2012","08-01","A84090263R",201.195244,"Rental, Hiring and Real Estate Services","L"
"474",2012-11-01,"2012","11-01","A84090263R",194.2107172,"Rental, Hiring and Real Estate Services","L"
"475",2013-02-01,"2013","02-01","A84090263R",196.7212823,"Rental, Hiring and Real Estate Services","L"
"476",2013-05-01,"2013","05-01","A84090263R",193.6734461,"Rental, Hiring and Real Estate Services","L"
"477",2013-08-01,"2013","08-01","A84090263R",193.1151063,"Rental, Hiring and Real Estate Services","L"
"478",2013-11-01,"2013","11-01","A84090263R",191.6203382,"Rental, Hiring and Real Estate Services","L"
"479",2014-02-01,"2014","02-01","A84090263R",199.9370967,"Rental, Hiring and Real Estate Services","L"
"480",2014-05-01,"2014","05-01","A84090263R",228.3184449,"Rental, Hiring and Real Estate Services","L"
"481",2014-08-01,"2014","08-01","A84090263R",213.115024,"Rental, Hiring and Real Estate Services","L"
"482",2014-11-01,"2014","11-01","A84090263R",218.4699679,"Rental, Hiring and Real Estate Services","L"
"483",2015-02-01,"2015","02-01","A84090263R",203.1380576,"Rental, Hiring and Real Estate Services","L"
"484",2015-05-01,"2015","05-01","A84090263R",211.7497045,"Rental, Hiring and Real Estate Services","L"
"485",2015-08-01,"2015","08-01","A84090263R",201.0413297,"Rental, Hiring and Real Estate Services","L"
"486",2015-11-01,"2015","11-01","A84090263R",213.565366,"Rental, Hiring and Real Estate Services","L"
"487",2016-02-01,"2016","02-01","A84090263R",216.8301756,"Rental, Hiring and Real Estate Services","L"
"488",2016-05-01,"2016","05-01","A84090263R",217.3218235,"Rental, Hiring and Real Estate Services","L"
"489",2016-08-01,"2016","08-01","A84090263R",203.566659,"Rental, Hiring and Real Estate Services","L"
"490",2016-11-01,"2016","11-01","A84090263R",214.5197902,"Rental, Hiring and Real Estate Services","L"
"491",2017-02-01,"2017","02-01","A84090263R",209.8283087,"Rental, Hiring and Real Estate Services","L"
"492",2017-05-01,"2017","05-01","A84090263R",208.7609307,"Rental, Hiring and Real Estate Services","L"
"493",2017-08-01,"2017","08-01","A84090263R",196.9145938,"Rental, Hiring and Real Estate Services","L"
"494",2017-11-01,"2017","11-01","A84090263R",218.9004994,"Rental, Hiring and Real Estate Services","L"
"495",2018-02-01,"2018","02-01","A84090263R",212.0965055,"Rental, Hiring and Real Estate Services","L"
"496",2018-05-01,"2018","05-01","A84090263R",220.6607145,"Rental, Hiring and Real Estate Services","L"
"497",2018-08-01,"2018","08-01","A84090263R",212.7928557,"Rental, Hiring and Real Estate Services","L"
"498",2018-11-01,"2018","11-01","A84090263R",213.5689868,"Rental, Hiring and Real Estate Services","L"
"499",2019-02-01,"2019","02-01","A84090263R",208.9578332,"Rental, Hiring and Real Estate Services","L"
"500",2019-05-01,"2019","05-01","A84090263R",214.0744012,"Rental, Hiring and Real Estate Services","L"
"501",2019-08-01,"2019","08-01","A84090263R",207.5349195,"Rental, Hiring and Real Estate Services","L"
"502",2019-11-01,"2019","11-01","A84090263R",216.0128079,"Rental, Hiring and Real Estate Services","L"
"503",2020-02-01,"2020","02-01","A84090263R",213.7306555,"Rental, Hiring and Real Estate Services","L"
"504",2020-05-01,"2020","05-01","A84090263R",219.8955205,"Rental, Hiring and Real Estate Services","L"
"505",2010-02-01,"2010","02-01","A84090253K",856.6984502,"Professional, Scientific and Technical Services","M"
"506",2010-05-01,"2010","05-01","A84090253K",834.5709301,"Professional, Scientific and Technical Services","M"
"507",2010-08-01,"2010","08-01","A84090253K",843.4208163,"Professional, Scientific and Technical Services","M"
"508",2010-11-01,"2010","11-01","A84090253K",832.7097945,"Professional, Scientific and Technical Services","M"
"509",2011-02-01,"2011","02-01","A84090253K",870.420764,"Professional, Scientific and Technical Services","M"
"510",2011-05-01,"2011","05-01","A84090253K",839.5899855,"Professional, Scientific and Technical Services","M"
"511",2011-08-01,"2011","08-01","A84090253K",863.9051979,"Professional, Scientific and Technical Services","M"
"512",2011-11-01,"2011","11-01","A84090253K",850.1788119,"Professional, Scientific and Technical Services","M"
"513",2012-02-01,"2012","02-01","A84090253K",877.272205,"Professional, Scientific and Technical Services","M"
"514",2012-05-01,"2012","05-01","A84090253K",923.05449,"Professional, Scientific and Technical Services","M"
"515",2012-08-01,"2012","08-01","A84090253K",910.4705269,"Professional, Scientific and Technical Services","M"
"516",2012-11-01,"2012","11-01","A84090253K",899.783471,"Professional, Scientific and Technical Services","M"
"517",2013-02-01,"2013","02-01","A84090253K",911.5446622,"Professional, Scientific and Technical Services","M"
"518",2013-05-01,"2013","05-01","A84090253K",907.5752311,"Professional, Scientific and Technical Services","M"
"519",2013-08-01,"2013","08-01","A84090253K",910.1309317,"Professional, Scientific and Technical Services","M"
"520",2013-11-01,"2013","11-01","A84090253K",877.6471866,"Professional, Scientific and Technical Services","M"
"521",2014-02-01,"2014","02-01","A84090253K",889.791114,"Professional, Scientific and Technical Services","M"
"522",2014-05-01,"2014","05-01","A84090253K",935.5063234,"Professional, Scientific and Technical Services","M"
"523",2014-08-01,"2014","08-01","A84090253K",935.3253196,"Professional, Scientific and Technical Services","M"
"524",2014-11-01,"2014","11-01","A84090253K",937.5360159,"Professional, Scientific and Technical Services","M"
"525",2015-02-01,"2015","02-01","A84090253K",986.9787988,"Professional, Scientific and Technical Services","M"
"526",2015-05-01,"2015","05-01","A84090253K",1026.5317136,"Professional, Scientific and Technical Services","M"
"527",2015-08-01,"2015","08-01","A84090253K",966.3005218,"Professional, Scientific and Technical Services","M"
"528",2015-11-01,"2015","11-01","A84090253K",1008.0300519,"Professional, Scientific and Technical Services","M"
"529",2016-02-01,"2016","02-01","A84090253K",1027.5933805,"Professional, Scientific and Technical Services","M"
"530",2016-05-01,"2016","05-01","A84090253K",983.1534183,"Professional, Scientific and Technical Services","M"
"531",2016-08-01,"2016","08-01","A84090253K",1046.1409865,"Professional, Scientific and Technical Services","M"
"532",2016-11-01,"2016","11-01","A84090253K",1007.584727,"Professional, Scientific and Technical Services","M"
"533",2017-02-01,"2017","02-01","A84090253K",1017.4977985,"Professional, Scientific and Technical Services","M"
"534",2017-05-01,"2017","05-01","A84090253K",1002.8646037,"Professional, Scientific and Technical Services","M"
"535",2017-08-01,"2017","08-01","A84090253K",1004.433654,"Professional, Scientific and Technical Services","M"
"536",2017-11-01,"2017","11-01","A84090253K",1022.5315829,"Professional, Scientific and Technical Services","M"
"537",2018-02-01,"2018","02-01","A84090253K",1029.9532135,"Professional, Scientific and Technical Services","M"
"538",2018-05-01,"2018","05-01","A84090253K",1054.8897118,"Professional, Scientific and Technical Services","M"
"539",2018-08-01,"2018","08-01","A84090253K",1069.7848912,"Professional, Scientific and Technical Services","M"
"540",2018-11-01,"2018","11-01","A84090253K",1071.8231018,"Professional, Scientific and Technical Services","M"
"541",2019-02-01,"2019","02-01","A84090253K",1133.3472504,"Professional, Scientific and Technical Services","M"
"542",2019-05-01,"2019","05-01","A84090253K",1138.6813491,"Professional, Scientific and Technical Services","M"
"543",2019-08-01,"2019","08-01","A84090253K",1161.4590016,"Professional, Scientific and Technical Services","M"
"544",2019-11-01,"2019","11-01","A84090253K",1146.5104561,"Professional, Scientific and Technical Services","M"
"545",2020-02-01,"2020","02-01","A84090253K",1171.8933615,"Professional, Scientific and Technical Services","M"
"546",2020-05-01,"2020","05-01","A84090253K",1108.8607752,"Professional, Scientific and Technical Services","M"
"547",2010-02-01,"2010","02-01","A84090260J",392.2242476,"Administrative and Support Services","N"
"548",2010-05-01,"2010","05-01","A84090260J",365.6581763,"Administrative and Support Services","N"
"549",2010-08-01,"2010","08-01","A84090260J",375.5582216,"Administrative and Support Services","N"
"550",2010-11-01,"2010","11-01","A84090260J",400.4162224,"Administrative and Support Services","N"
"551",2011-02-01,"2011","02-01","A84090260J",398.7272453,"Administrative and Support Services","N"
"552",2011-05-01,"2011","05-01","A84090260J",390.6605704,"Administrative and Support Services","N"
"553",2011-08-01,"2011","08-01","A84090260J",400.4625817,"Administrative and Support Services","N"
"554",2011-11-01,"2011","11-01","A84090260J",391.2015693,"Administrative and Support Services","N"
"555",2012-02-01,"2012","02-01","A84090260J",400.0348299,"Administrative and Support Services","N"
"556",2012-05-01,"2012","05-01","A84090260J",394.4648643,"Administrative and Support Services","N"
"557",2012-08-01,"2012","08-01","A84090260J",392.7909707,"Administrative and Support Services","N"
"558",2012-11-01,"2012","11-01","A84090260J",395.7397288,"Administrative and Support Services","N"
"559",2013-02-01,"2013","02-01","A84090260J",392.3510608,"Administrative and Support Services","N"
"560",2013-05-01,"2013","05-01","A84090260J",390.7441595,"Administrative and Support Services","N"
"561",2013-08-01,"2013","08-01","A84090260J",383.9949529,"Administrative and Support Services","N"
"562",2013-11-01,"2013","11-01","A84090260J",384.6246744,"Administrative and Support Services","N"
"563",2014-02-01,"2014","02-01","A84090260J",379.2071957,"Administrative and Support Services","N"
"564",2014-05-01,"2014","05-01","A84090260J",395.6629182,"Administrative and Support Services","N"
"565",2014-08-01,"2014","08-01","A84090260J",368.661043,"Administrative and Support Services","N"
"566",2014-11-01,"2014","11-01","A84090260J",380.0972,"Administrative and Support Services","N"
"567",2015-02-01,"2015","02-01","A84090260J",405.7190373,"Administrative and Support Services","N"
"568",2015-05-01,"2015","05-01","A84090260J",411.9933982,"Administrative and Support Services","N"
"569",2015-08-01,"2015","08-01","A84090260J",413.0257808,"Administrative and Support Services","N"
"570",2015-11-01,"2015","11-01","A84090260J",416.7483117,"Administrative and Support Services","N"
"571",2016-02-01,"2016","02-01","A84090260J",448.9506303,"Administrative and Support Services","N"
"572",2016-05-01,"2016","05-01","A84090260J",414.2976361,"Administrative and Support Services","N"
"573",2016-08-01,"2016","08-01","A84090260J",447.4764378,"Administrative and Support Services","N"
"574",2016-11-01,"2016","11-01","A84090260J",436.8859987,"Administrative and Support Services","N"
"575",2017-02-01,"2017","02-01","A84090260J",442.0982632,"Administrative and Support Services","N"
"576",2017-05-01,"2017","05-01","A84090260J",395.7695612,"Administrative and Support Services","N"
"577",2017-08-01,"2017","08-01","A84090260J",404.0734562,"Administrative and Support Services","N"
"578",2017-11-01,"2017","11-01","A84090260J",408.3508627,"Administrative and Support Services","N"
"579",2018-02-01,"2018","02-01","A84090260J",430.527789,"Administrative and Support Services","N"
"580",2018-05-01,"2018","05-01","A84090260J",419.2799096,"Administrative and Support Services","N"
"581",2018-08-01,"2018","08-01","A84090260J",399.4611458,"Administrative and Support Services","N"
"582",2018-11-01,"2018","11-01","A84090260J",412.3951655,"Administrative and Support Services","N"
"583",2019-02-01,"2019","02-01","A84090260J",438.4639365,"Administrative and Support Services","N"
"584",2019-05-01,"2019","05-01","A84090260J",465.6021512,"Administrative and Support Services","N"
"585",2019-08-01,"2019","08-01","A84090260J",473.663512,"Administrative and Support Services","N"
"586",2019-11-01,"2019","11-01","A84090260J",436.8176229,"Administrative and Support Services","N"
"587",2020-02-01,"2020","02-01","A84090260J",449.9284409,"Administrative and Support Services","N"
"588",2020-05-01,"2020","05-01","A84090260J",392.5796161,"Administrative and Support Services","N"
"589",2010-02-01,"2010","02-01","A84090261K",679.9369819,"Public Administration and Safety","O"
"590",2010-05-01,"2010","05-01","A84090261K",692.3146822,"Public Administration and Safety","O"
"591",2010-08-01,"2010","08-01","A84090261K",690.8505626,"Public Administration and Safety","O"
"592",2010-11-01,"2010","11-01","A84090261K",690.4512228,"Public Administration and Safety","O"
"593",2011-02-01,"2011","02-01","A84090261K",698.3677566,"Public Administration and Safety","O"
"594",2011-05-01,"2011","05-01","A84090261K",710.1218551,"Public Administration and Safety","O"
"595",2011-08-01,"2011","08-01","A84090261K",726.0056776,"Public Administration and Safety","O"
"596",2011-11-01,"2011","11-01","A84090261K",730.6222239,"Public Administration and Safety","O"
"597",2012-02-01,"2012","02-01","A84090261K",734.8062732,"Public Administration and Safety","O"
"598",2012-05-01,"2012","05-01","A84090261K",701.7595115,"Public Administration and Safety","O"
"599",2012-08-01,"2012","08-01","A84090261K",682.8743813,"Public Administration and Safety","O"
"600",2012-11-01,"2012","11-01","A84090261K",691.7172987,"Public Administration and Safety","O"
"601",2013-02-01,"2013","02-01","A84090261K",715.8489408,"Public Administration and Safety","O"
"602",2013-05-01,"2013","05-01","A84090261K",729.9923571,"Public Administration and Safety","O"
"603",2013-08-01,"2013","08-01","A84090261K",772.5284527,"Public Administration and Safety","O"
"604",2013-11-01,"2013","11-01","A84090261K",750.4751006,"Public Administration and Safety","O"
"605",2014-02-01,"2014","02-01","A84090261K",738.9835808,"Public Administration and Safety","O"
"606",2014-05-01,"2014","05-01","A84090261K",726.841273,"Public Administration and Safety","O"
"607",2014-08-01,"2014","08-01","A84090261K",711.7155208,"Public Administration and Safety","O"
"608",2014-11-01,"2014","11-01","A84090261K",731.7728585,"Public Administration and Safety","O"
"609",2015-02-01,"2015","02-01","A84090261K",736.5915064,"Public Administration and Safety","O"
"610",2015-05-01,"2015","05-01","A84090261K",736.3804188,"Public Administration and Safety","O"
"611",2015-08-01,"2015","08-01","A84090261K",720.8202704,"Public Administration and Safety","O"
"612",2015-11-01,"2015","11-01","A84090261K",730.4655356,"Public Administration and Safety","O"
"613",2016-02-01,"2016","02-01","A84090261K",750.6427701,"Public Administration and Safety","O"
"614",2016-05-01,"2016","05-01","A84090261K",761.5738978,"Public Administration and Safety","O"
"615",2016-08-01,"2016","08-01","A84090261K",756.2072435,"Public Administration and Safety","O"
"616",2016-11-01,"2016","11-01","A84090261K",764.9556819,"Public Administration and Safety","O"
"617",2017-02-01,"2017","02-01","A84090261K",824.214672,"Public Administration and Safety","O"
"618",2017-05-01,"2017","05-01","A84090261K",761.9547082,"Public Administration and Safety","O"
"619",2017-08-01,"2017","08-01","A84090261K",728.9765755,"Public Administration and Safety","O"
"620",2017-11-01,"2017","11-01","A84090261K",738.2374156,"Public Administration and Safety","O"
"621",2018-02-01,"2018","02-01","A84090261K",700.0386073,"Public Administration and Safety","O"
"622",2018-05-01,"2018","05-01","A84090261K",784.41747,"Public Administration and Safety","O"
"623",2018-08-01,"2018","08-01","A84090261K",815.0618908,"Public Administration and Safety","O"
"624",2018-11-01,"2018","11-01","A84090261K",832.9982594,"Public Administration and Safety","O"
"625",2019-02-01,"2019","02-01","A84090261K",864.3644117,"Public Administration and Safety","O"
"626",2019-05-01,"2019","05-01","A84090261K",831.5014685,"Public Administration and Safety","O"
"627",2019-08-01,"2019","08-01","A84090261K",797.478851,"Public Administration and Safety","O"
"628",2019-11-01,"2019","11-01","A84090261K",836.4682965,"Public Administration and Safety","O"
"629",2020-02-01,"2020","02-01","A84090261K",828.5329749,"Public Administration and Safety","O"
"630",2020-05-01,"2020","05-01","A84090261K",846.3292826,"Public Administration and Safety","O"
"631",2010-02-01,"2010","02-01","A84090250C",792.8481529,"Education and Training","P"
"632",2010-05-01,"2010","05-01","A84090250C",832.0996883,"Education and Training","P"
"633",2010-08-01,"2010","08-01","A84090250C",872.9175772,"Education and Training","P"
"634",2010-11-01,"2010","11-01","A84090250C",861.3404735,"Education and Training","P"
"635",2011-02-01,"2011","02-01","A84090250C",793.8163682,"Education and Training","P"
"636",2011-05-01,"2011","05-01","A84090250C",870.3618292,"Education and Training","P"
"637",2011-08-01,"2011","08-01","A84090250C",849.9813777,"Education and Training","P"
"638",2011-11-01,"2011","11-01","A84090250C",857.5360694,"Education and Training","P"
"639",2012-02-01,"2012","02-01","A84090250C",815.7894334,"Education and Training","P"
"640",2012-05-01,"2012","05-01","A84090250C",896.9776449,"Education and Training","P"
"641",2012-08-01,"2012","08-01","A84090250C",893.03927,"Education and Training","P"
"642",2012-11-01,"2012","11-01","A84090250C",896.3624868,"Education and Training","P"
"643",2013-02-01,"2013","02-01","A84090250C",869.2732699,"Education and Training","P"
"644",2013-05-01,"2013","05-01","A84090250C",916.2424969,"Education and Training","P"
"645",2013-08-01,"2013","08-01","A84090250C",876.8821014,"Education and Training","P"
"646",2013-11-01,"2013","11-01","A84090250C",899.8559845,"Education and Training","P"
"647",2014-02-01,"2014","02-01","A84090250C",881.561177,"Education and Training","P"
"648",2014-05-01,"2014","05-01","A84090250C",922.3449247,"Education and Training","P"
"649",2014-08-01,"2014","08-01","A84090250C",942.1549124,"Education and Training","P"
"650",2014-11-01,"2014","11-01","A84090250C",910.2190539,"Education and Training","P"
"651",2015-02-01,"2015","02-01","A84090250C",908.8295992,"Education and Training","P"
"652",2015-05-01,"2015","05-01","A84090250C",935.6420369,"Education and Training","P"
"653",2015-08-01,"2015","08-01","A84090250C",961.916313,"Education and Training","P"
"654",2015-11-01,"2015","11-01","A84090250C",945.6890176,"Education and Training","P"
"655",2016-02-01,"2016","02-01","A84090250C",906.5090307,"Education and Training","P"
"656",2016-05-01,"2016","05-01","A84090250C",947.587887,"Education and Training","P"
"657",2016-08-01,"2016","08-01","A84090250C",977.4219688,"Education and Training","P"
"658",2016-11-01,"2016","11-01","A84090250C",999.5691407,"Education and Training","P"
"659",2017-02-01,"2017","02-01","A84090250C",947.1790979,"Education and Training","P"
"660",2017-05-01,"2017","05-01","A84090250C",1003.5208928,"Education and Training","P"
"661",2017-08-01,"2017","08-01","A84090250C",1040.4936561,"Education and Training","P"
"662",2017-11-01,"2017","11-01","A84090250C",1041.8041898,"Education and Training","P"
"663",2018-02-01,"2018","02-01","A84090250C",1009.9627927,"Education and Training","P"
"664",2018-05-01,"2018","05-01","A84090250C",1008.316047,"Education and Training","P"
"665",2018-08-01,"2018","08-01","A84090250C",1031.7681367,"Education and Training","P"
"666",2018-11-01,"2018","11-01","A84090250C",1062.9809265,"Education and Training","P"
"667",2019-02-01,"2019","02-01","A84090250C",1001.1168672,"Education and Training","P"
"668",2019-05-01,"2019","05-01","A84090250C",1071.4657311,"Education and Training","P"
"669",2019-08-01,"2019","08-01","A84090250C",1115.287679,"Education and Training","P"
"670",2019-11-01,"2019","11-01","A84090250C",1088.2988854,"Education and Training","P"
"671",2020-02-01,"2020","02-01","A84090250C",1096.5788582,"Education and Training","P"
"672",2020-05-01,"2020","05-01","A84090250C",1035.7711251,"Education and Training","P"
"673",2010-02-01,"2010","02-01","A84090254L",1192.66148,"Health Care and Social Assistance","Q"
"674",2010-05-01,"2010","05-01","A84090254L",1210.900315,"Health Care and Social Assistance","Q"
"675",2010-08-01,"2010","08-01","A84090254L",1252.320977,"Health Care and Social Assistance","Q"
"676",2010-11-01,"2010","11-01","A84090254L",1273.769194,"Health Care and Social Assistance","Q"
"677",2011-02-01,"2011","02-01","A84090254L",1276.42024,"Health Care and Social Assistance","Q"
"678",2011-05-01,"2011","05-01","A84090254L",1266.93091,"Health Care and Social Assistance","Q"
"679",2011-08-01,"2011","08-01","A84090254L",1302.792622,"Health Care and Social Assistance","Q"
"680",2011-11-01,"2011","11-01","A84090254L",1335.9288184,"Health Care and Social Assistance","Q"
"681",2012-02-01,"2012","02-01","A84090254L",1332.4180353,"Health Care and Social Assistance","Q"
"682",2012-05-01,"2012","05-01","A84090254L",1331.5523905,"Health Care and Social Assistance","Q"
"683",2012-08-01,"2012","08-01","A84090254L",1351.0486186,"Health Care and Social Assistance","Q"
"684",2012-11-01,"2012","11-01","A84090254L",1357.4449495,"Health Care and Social Assistance","Q"
"685",2013-02-01,"2013","02-01","A84090254L",1379.692424,"Health Care and Social Assistance","Q"
"686",2013-05-01,"2013","05-01","A84090254L",1372.0732102,"Health Care and Social Assistance","Q"
"687",2013-08-01,"2013","08-01","A84090254L",1357.7124123,"Health Care and Social Assistance","Q"
"688",2013-11-01,"2013","11-01","A84090254L",1400.0919976,"Health Care and Social Assistance","Q"
"689",2014-02-01,"2014","02-01","A84090254L",1434.1663036,"Health Care and Social Assistance","Q"
"690",2014-05-01,"2014","05-01","A84090254L",1383.7740926,"Health Care and Social Assistance","Q"
"691",2014-08-01,"2014","08-01","A84090254L",1415.7279728,"Health Care and Social Assistance","Q"
"692",2014-11-01,"2014","11-01","A84090254L",1384.006277,"Health Care and Social Assistance","Q"
"693",2015-02-01,"2015","02-01","A84090254L",1458.8528605,"Health Care and Social Assistance","Q"
"694",2015-05-01,"2015","05-01","A84090254L",1478.7112283,"Health Care and Social Assistance","Q"
"695",2015-08-01,"2015","08-01","A84090254L",1520.666923,"Health Care and Social Assistance","Q"
"696",2015-11-01,"2015","11-01","A84090254L",1538.6584302,"Health Care and Social Assistance","Q"
"697",2016-02-01,"2016","02-01","A84090254L",1523.32469,"Health Care and Social Assistance","Q"
"698",2016-05-01,"2016","05-01","A84090254L",1567.9558407,"Health Care and Social Assistance","Q"
"699",2016-08-01,"2016","08-01","A84090254L",1532.4206601,"Health Care and Social Assistance","Q"
"700",2016-11-01,"2016","11-01","A84090254L",1553.3190894,"Health Care and Social Assistance","Q"
"701",2017-02-01,"2017","02-01","A84090254L",1535.836466,"Health Care and Social Assistance","Q"
"702",2017-05-01,"2017","05-01","A84090254L",1632.6612363,"Health Care and Social Assistance","Q"
"703",2017-08-01,"2017","08-01","A84090254L",1669.1998076,"Health Care and Social Assistance","Q"
"704",2017-11-01,"2017","11-01","A84090254L",1659.0747215,"Health Care and Social Assistance","Q"
"705",2018-02-01,"2018","02-01","A84090254L",1689.103745,"Health Care and Social Assistance","Q"
"706",2018-05-01,"2018","05-01","A84090254L",1673.391603,"Health Care and Social Assistance","Q"
"707",2018-08-01,"2018","08-01","A84090254L",1676.0974214,"Health Care and Social Assistance","Q"
"708",2018-11-01,"2018","11-01","A84090254L",1686.9373317,"Health Care and Social Assistance","Q"
"709",2019-02-01,"2019","02-01","A84090254L",1697.7948377,"Health Care and Social Assistance","Q"
"710",2019-05-01,"2019","05-01","A84090254L",1678.0719897,"Health Care and Social Assistance","Q"
"711",2019-08-01,"2019","08-01","A84090254L",1741.2090884,"Health Care and Social Assistance","Q"
"712",2019-11-01,"2019","11-01","A84090254L",1775.1178821,"Health Care and Social Assistance","Q"
"713",2020-02-01,"2020","02-01","A84090254L",1798.3281708,"Health Care and Social Assistance","Q"
"714",2020-05-01,"2020","05-01","A84090254L",1731.2430317,"Health Care and Social Assistance","Q"
"715",2010-02-01,"2010","02-01","A84090249V",199.0720973,"Arts and Recreation Services","R"
"716",2010-05-01,"2010","05-01","A84090249V",194.8279878,"Arts and Recreation Services","R"
"717",2010-08-01,"2010","08-01","A84090249V",182.4968086,"Arts and Recreation Services","R"
"718",2010-11-01,"2010","11-01","A84090249V",184.9645058,"Arts and Recreation Services","R"
"719",2011-02-01,"2011","02-01","A84090249V",208.5134186,"Arts and Recreation Services","R"
"720",2011-05-01,"2011","05-01","A84090249V",217.3862398,"Arts and Recreation Services","R"
"721",2011-08-01,"2011","08-01","A84090249V",204.3196586,"Arts and Recreation Services","R"
"722",2011-11-01,"2011","11-01","A84090249V",201.9380809,"Arts and Recreation Services","R"
"723",2012-02-01,"2012","02-01","A84090249V",199.4069223,"Arts and Recreation Services","R"
"724",2012-05-01,"2012","05-01","A84090249V",218.8362948,"Arts and Recreation Services","R"
"725",2012-08-01,"2012","08-01","A84090249V",212.6586364,"Arts and Recreation Services","R"
"726",2012-11-01,"2012","11-01","A84090249V",203.7426277,"Arts and Recreation Services","R"
"727",2013-02-01,"2013","02-01","A84090249V",200.168114,"Arts and Recreation Services","R"
"728",2013-05-01,"2013","05-01","A84090249V",222.6407192,"Arts and Recreation Services","R"
"729",2013-08-01,"2013","08-01","A84090249V",208.7039929,"Arts and Recreation Services","R"
"730",2013-11-01,"2013","11-01","A84090249V",201.3351819,"Arts and Recreation Services","R"
"731",2014-02-01,"2014","02-01","A84090249V",209.0813228,"Arts and Recreation Services","R"
"732",2014-05-01,"2014","05-01","A84090249V",190.536692,"Arts and Recreation Services","R"
"733",2014-08-01,"2014","08-01","A84090249V",208.0031633,"Arts and Recreation Services","R"
"734",2014-11-01,"2014","11-01","A84090249V",233.4444896,"Arts and Recreation Services","R"
"735",2015-02-01,"2015","02-01","A84090249V",240.5373455,"Arts and Recreation Services","R"
"736",2015-05-01,"2015","05-01","A84090249V",228.1124944,"Arts and Recreation Services","R"
"737",2015-08-01,"2015","08-01","A84090249V",215.0914611,"Arts and Recreation Services","R"
"738",2015-11-01,"2015","11-01","A84090249V",229.0570363,"Arts and Recreation Services","R"
"739",2016-02-01,"2016","02-01","A84090249V",241.6452874,"Arts and Recreation Services","R"
"740",2016-05-01,"2016","05-01","A84090249V",227.8137381,"Arts and Recreation Services","R"
"741",2016-08-01,"2016","08-01","A84090249V",228.2117157,"Arts and Recreation Services","R"
"742",2016-11-01,"2016","11-01","A84090249V",209.5796626,"Arts and Recreation Services","R"
"743",2017-02-01,"2017","02-01","A84090249V",213.439971,"Arts and Recreation Services","R"
"744",2017-05-01,"2017","05-01","A84090249V",227.8872598,"Arts and Recreation Services","R"
"745",2017-08-01,"2017","08-01","A84090249V",236.3823139,"Arts and Recreation Services","R"
"746",2017-11-01,"2017","11-01","A84090249V",246.882659,"Arts and Recreation Services","R"
"747",2018-02-01,"2018","02-01","A84090249V",257.5074967,"Arts and Recreation Services","R"
"748",2018-05-01,"2018","05-01","A84090249V",246.3585766,"Arts and Recreation Services","R"
"749",2018-08-01,"2018","08-01","A84090249V",244.0221678,"Arts and Recreation Services","R"
"750",2018-11-01,"2018","11-01","A84090249V",240.6488614,"Arts and Recreation Services","R"
"751",2019-02-01,"2019","02-01","A84090249V",254.9965573,"Arts and Recreation Services","R"
"752",2019-05-01,"2019","05-01","A84090249V",256.9709322,"Arts and Recreation Services","R"
"753",2019-08-01,"2019","08-01","A84090249V",241.9440514,"Arts and Recreation Services","R"
"754",2019-11-01,"2019","11-01","A84090249V",251.0652052,"Arts and Recreation Services","R"
"755",2020-02-01,"2020","02-01","A84090249V",251.9061799,"Arts and Recreation Services","R"
"756",2020-05-01,"2020","05-01","A84090249V",160.0749747,"Arts and Recreation Services","R"
"757",2010-02-01,"2010","02-01","A84090264T",459.4119777,"Other Services","S"
"758",2010-05-01,"2010","05-01","A84090264T",457.0292319,"Other Services","S"
"759",2010-08-01,"2010","08-01","A84090264T",442.2303623,"Other Services","S"
"760",2010-11-01,"2010","11-01","A84090264T",463.1237234,"Other Services","S"
"761",2011-02-01,"2011","02-01","A84090264T",440.7869396,"Other Services","S"
"762",2011-05-01,"2011","05-01","A84090264T",444.4828261,"Other Services","S"
"763",2011-08-01,"2011","08-01","A84090264T",440.4876925,"Other Services","S"
"764",2011-11-01,"2011","11-01","A84090264T",443.1565403,"Other Services","S"
"765",2012-02-01,"2012","02-01","A84090264T",474.6254464,"Other Services","S"
"766",2012-05-01,"2012","05-01","A84090264T",445.3119722,"Other Services","S"
"767",2012-08-01,"2012","08-01","A84090264T",436.0337047,"Other Services","S"
"768",2012-11-01,"2012","11-01","A84090264T",456.0828981,"Other Services","S"
"769",2013-02-01,"2013","02-01","A84090264T",449.0840261,"Other Services","S"
"770",2013-05-01,"2013","05-01","A84090264T",456.7625409,"Other Services","S"
"771",2013-08-01,"2013","08-01","A84090264T",461.4178717,"Other Services","S"
"772",2013-11-01,"2013","11-01","A84090264T",466.5732672,"Other Services","S"
"773",2014-02-01,"2014","02-01","A84090264T",493.6899778,"Other Services","S"
"774",2014-05-01,"2014","05-01","A84090264T",506.8287583,"Other Services","S"
"775",2014-08-01,"2014","08-01","A84090264T",481.8173249,"Other Services","S"
"776",2014-11-01,"2014","11-01","A84090264T",462.4556758,"Other Services","S"
"777",2015-02-01,"2015","02-01","A84090264T",486.8335446,"Other Services","S"
"778",2015-05-01,"2015","05-01","A84090264T",485.45353,"Other Services","S"
"779",2015-08-01,"2015","08-01","A84090264T",471.7576536,"Other Services","S"
"780",2015-11-01,"2015","11-01","A84090264T",471.5024047,"Other Services","S"
"781",2016-02-01,"2016","02-01","A84090264T",462.1701999,"Other Services","S"
"782",2016-05-01,"2016","05-01","A84090264T",485.8591177,"Other Services","S"
"783",2016-08-01,"2016","08-01","A84090264T",485.1434482,"Other Services","S"
"784",2016-11-01,"2016","11-01","A84090264T",461.3078489,"Other Services","S"
"785",2017-02-01,"2017","02-01","A84090264T",492.5820903,"Other Services","S"
"786",2017-05-01,"2017","05-01","A84090264T",506.0492629,"Other Services","S"
"787",2017-08-01,"2017","08-01","A84090264T",499.0818612,"Other Services","S"
"788",2017-11-01,"2017","11-01","A84090264T",531.4042969,"Other Services","S"
"789",2018-02-01,"2018","02-01","A84090264T",486.8052985,"Other Services","S"
"790",2018-05-01,"2018","05-01","A84090264T",477.0825438,"Other Services","S"
"791",2018-08-01,"2018","08-01","A84090264T",479.2343932,"Other Services","S"
"792",2018-11-01,"2018","11-01","A84090264T",485.4799637,"Other Services","S"
"793",2019-02-01,"2019","02-01","A84090264T",530.0670502,"Other Services","S"
"794",2019-05-01,"2019","05-01","A84090264T",523.219046,"Other Services","S"
"795",2019-08-01,"2019","08-01","A84090264T",504.8991372,"Other Services","S"
"796",2019-11-01,"2019","11-01","A84090264T",498.9818474,"Other Services","S"
"797",2020-02-01,"2020","02-01","A84090264T",492.9104722,"Other Services","S"
"798",2020-05-01,"2020","05-01","A84090264T",442.6000536,"Other Services","S"
